Dataset Name,Capacity,Num Vertices,Area,Num non convex vertices,MSA- Inital decomposition,Num of Initial Cells,MSA-Final Decomposition,Num of final cells,Sum of Costs of Routes,Num of turns,Num of routes,Compute time (s)
vm25/13,600000,18,1058,7,39,1,39,1,1251.12,102,1,0.0373369
vm25/13,938.34,18,1058,7,39,1,39,1,1251.12,102,2,0.040608
vm25/13,625.56,18,1058,7,39,1,39,1,1268.28,101,3,0.0510204
vm25/13,375.336,18,1058,7,39,1,39,1,1283.1,102,4,0.0422106
vm25/13,312.78,18,1058,7,39,1,39,1,1303.63,101,5,0.0392411
