dataset_name,totalRouteLength,sumOfTaskLengths,totalRouteCosts,maxRouteCost,iterations,computeTime,num_tasks,number_of_agents
data/AreaCoverage-dataset/AC300/AC7_0008/holes,4362.182108099344,3323.868449038519,1909.9445220903983,1909.9445220903983,200,24.14425306400517,81,1
data/AreaCoverage-dataset/AC300/AC15_0013/holes,3841.3996038968244,2716.687488296406,1990.1175412612138,1990.1175412612138,200,529.3775922849891,148,1
data/AreaCoverage-dataset/AC300/AC9_0001/holes,4516.011840306527,3365.773598774995,2014.1145647438932,2014.1145647438932,200,47.02473938500043,92,1
data/AreaCoverage-dataset/AC300/AC5_0004/holes,4331.322013299651,3394.3742812690375,1786.1267040121963,1786.1267040121963,200,11.695867642993107,62,1
data/AreaCoverage-dataset/AC300/AC4_0006/holes,4126.639841329316,3345.1821885913473,1720.3627754887157,1720.3627754887157,200,8.812714725994738,60,1
data/AreaCoverage-dataset/AC300/AC13_0017/holes,4553.839495715816,3288.065607947532,2167.48208277749,2167.48208277749,200,154.3536371900118,121,1
data/AreaCoverage-dataset/AC300/AC14_0009/holes,4049.5851671851137,2877.865546588234,2076.9036128302687,2076.9036128302687,200,428.9628553210059,146,1
