dataset_name,totalRouteLength,sumOfTaskLengths,totalRouteCosts,maxRouteCost,iterations,computeTime,num_tasks,number_of_agents
data/AreaCoverage-dataset/AC300/AC7_0008/holes,5087.710538546897,3261.134040259166,2165.664065650805,458.7501365417587,27,21.09215493800002,81,10
data/AreaCoverage-dataset/AC300/AC15_0013/holes,3590.931221590548,2134.4827990927633,1820.2145115854096,345.964327164494,200,1040.5852561490028,148,10
data/AreaCoverage-dataset/AC300/AC9_0001/holes,4297.32548966919,2693.80917248917,1898.157970458114,326.4253760154206,200,221.27601345500443,92,10
