dataset_name,totalRouteLength,sumOfTaskLengths,totalRouteCosts,maxRouteCost,iterations,computeTime,num_tasks,number_of_agents
data/AreaCoverage-dataset/AC300/AC7_0008/holes,4697.529545475359,3323.8684490385194,2032.696834431541,532.7871731713548,31,114.03746648898232,81,4
data/AreaCoverage-dataset/AC300/AC15_0013/holes,4226.969478104,2731.2000507268735,2140.4633288495975,548.3878979041652,42,1827.3078829929873,148,4
data/AreaCoverage-dataset/AC300/AC9_0001/holes,4537.516195528045,3265.773598774995,2022.197025090368,511.90841171007725,39,463.76444825698854,92,4
data/AreaCoverage-dataset/AC300/AC5_0004/holes,4609.205583011306,3394.374281269038,1889.5504490565204,543.5248005159565,33,166.3287481070147,62,4
data/AreaCoverage-dataset/AC300/AC4_0006/holes,4321.0279569253535,3287.1438044852484,1790.2282310874964,504.8466611615921,200,201.3505579069897,60,4
data/AreaCoverage-dataset/AC300/AC13_0017/holes,4333.896707275498,2958.220689241049,2035.851952262307,517.401524657412,39,657.8916176570056,121,4
