dataset_name,totalRouteLength,sumOfTaskLengths,totalRouteCosts,maxRouteCost,iterations,computeTime,num_tasks,number_of_agents
data/AreaCoverage-dataset/AC300/AC7_0008/holes,5325.237527277862,3323.8684490385194,2260.054558393117,943.4779128552876,48,38.161352540017106,81,12
data/AreaCoverage-dataset/AC300/AC15_0013/holes,5783.37463868231,3218.9234189196623,2719.736790016191,947.7598537733968,53,563.6017855269893,148,12
data/AreaCoverage-dataset/AC300/AC9_0001/holes,5385.471654088946,3193.234306720008,2314.748231184475,1696.2387752175248,200,197.72305544101982,92,12
data/AreaCoverage-dataset/AC300/AC5_0004/holes,5015.261929705446,3394.374281269038,2053.5887588724586,310.67775253073245,27,36.557878225983586,62,12
data/AreaCoverage-dataset/AC300/AC4_0006/holes,5374.399410677571,3345.1821885913473,2173.2508113842705,333.5879803238533,26,20.75347188298474,60,12
data/AreaCoverage-dataset/AC300/AC13_0017/holes,5748.126569202659,3098.7729299421876,2586.96833389756,455.0815817398806,34,174.33269863799796,121,12
