dataset_name,totalRouteLength,sumOfTaskLengths,totalRouteCosts,maxRouteCost,iterations,computeTime,num_tasks,number_of_agents
data/AreaCoverage-dataset/AC300/AC7_0008/holes,5065.68491873871,3323.8684490385185,2183.3533963819646,224.2447928273652,38,52.348460273991805,81,14
data/AreaCoverage-dataset/AC300/AC15_0013/holes,5377.295242630843,3039.643542999605,2555.3457342287047,269.3464046528521,200,1417.5235379539954,148,14
data/AreaCoverage-dataset/AC300/AC9_0001/holes,5534.79052101689,3354.6129998439346,2385.2591662318637,231.23887712907327,200,269.90551049401984,92,14
data/AreaCoverage-dataset/AC300/AC5_0004/holes,5241.312098437658,3394.374281269038,2134.721697759185,197.42962031029577,29,45.58570458201575,62,14
data/AreaCoverage-dataset/AC300/AC4_0006/holes,4715.112396621,3004.2834523075467,1929.3362873555454,205.77966182859643,200,101.46887005399913,60,14
data/AreaCoverage-dataset/AC300/AC13_0017/holes,6093.482164509791,3163.518248292348,2712.8936504146764,254.67975590048204,200,477.228420119005,121,14
data/AreaCoverage-dataset/AC300/AC14_0009/holes,3512.9915376595322,2048.2579724411894,1764.8964722009687,231.46075234685284,200,1987.5374673299957,146,14
data/AreaCoverage-dataset/AC300/AC12_0011/holes,4734.035576904555,2645.270268675451,2215.9541782834826,240.25977881828499,200,959.7742412499792,131,14
