dataset_name,totalRouteLength,sumOfTaskLengths,totalRouteCosts,maxRouteCost,iterations,computeTime,num_tasks,number_of_agents
data/AreaCoverage-dataset/AC300/AC7_0008/holes,4994.025347976854,3323.8684490385194,2137.46745895331,341.4836579587542,35,78.17874931800179,81,8
data/AreaCoverage-dataset/AC300/AC15_0013/holes,5601.463247388519,3336.412760724888,2647.6326381030876,385.11738213220883,49,941.7824328370043,148,8
data/AreaCoverage-dataset/AC300/AC9_0001/holes,5105.789698774083,3365.7735987749957,2231.2911348601783,322.63795052927355,44,321.92411224200623,92,8
data/AreaCoverage-dataset/AC300/AC5_0004/holes,4737.333769625928,3394.3742812690375,1944.4280195025412,330.16751060762715,32,102.74094546100241,62,8
data/AreaCoverage-dataset/AC300/AC4_0006/holes,4539.8820749205815,3173.6997301781203,1874.8567280322331,306.22399626952125,200,177.00417712901253,60,8
data/AreaCoverage-dataset/AC300/AC13_0017/holes,4402.941741818953,2596.3942604534573,2011.5623351681083,332.4631117051845,200,1238.166030863009,121,8
