dataset_name,totalRouteLength,sumOfTaskLengths,totalRouteCosts,maxRouteCost,iterations,computeTime,num_tasks,number_of_agents
data/AreaCoverage-dataset/AC300/AC7_0008/holes,4994.025347976854,3323.8684490385194,2137.46745895331,1362.7304328463902,35,77.97747135299142,81,8
data/AreaCoverage-dataset/AC300/AC15_0013/holes,5601.463247388519,3336.412760724888,2647.6326381030876,984.6548418140258,49,944.4042512020096,148,8
