dataset_name,totalRouteLength,sumOfTaskLengths,totalRouteCosts,maxRouteCost,iterations,computeTime,num_tasks,number_of_agents
data/AreaCoverage-dataset/AC300/AC7_0008/holes,4837.315322358953,3323.868449038519,2084.9413954875704,384.94699316807834,38,130.70457021601032,81,6
data/AreaCoverage-dataset/AC300/AC15_0013/holes,5358.799933055414,3336.4127607248884,2563.9586334263704,453.86146439368457,44,1384.6785406400159,148,6
data/AreaCoverage-dataset/AC300/AC9_0001/holes,4964.265060641322,3365.773598774996,2177.597303954383,451.5568775483065,44,477.358667307999,92,6
data/AreaCoverage-dataset/AC300/AC5_0004/holes,4712.050663603409,3394.3742812690384,1929.3065465125405,377.46747204473814,36,171.57038725700113,62,6
data/AreaCoverage-dataset/AC300/AC4_0006/holes,4325.372130962149,3173.6997301781203,1792.8163763828888,384.73015548205,200,145.00268605400925,60,6
data/AreaCoverage-dataset/AC300/AC13_0017/holes,5284.405955099552,3347.5950491559656,2439.4121861187436,431.7132575947992,45,622.6446485509805,121,6
