dataset_name,totalRouteLength,sumOfTaskLengths,totalRouteCosts,maxRouteCost,iterations,computeTime,num_tasks,number_of_agents
data/AreaCoverage-dataset/AC300/AC7_0008/holes,4403.506088860211,3323.8684490385185,1926.1832839591593,1031.040049768942,33,354.8796051759855,81,2
data/AreaCoverage-dataset/AC300/AC15_0013/holes,5176.099316891896,3336.412760724888,2490.1787875734585,1278.5261329475352,66,10205.175289227976,148,2
data/AreaCoverage-dataset/AC300/AC9_0001/holes,4498.277575565013,3365.7735987749957,2010.7203150866692,1157.5151315603302,47,1639.8660568460182,92,2
data/AreaCoverage-dataset/AC300/AC5_0004/holes,4421.266070628801,3394.374281269038,1819.1969199369714,1004.078462122126,35,277.8945555720129,62,2
data/AreaCoverage-dataset/AC300/AC4_0006/holes,4127.708527524129,3345.182188591347,1724.1098723564428,904.0396192606687,31,205.91840443201363,60,2
