dataset_name,totalRouteLength,sumOfTaskLengths,totalRouteCosts,maxRouteCost,iterations,computeTime,num_tasks,number_of_agents
data/AreaCoverage-dataset/AC300/AC7_0008/holes,4118.796317345867,3168.201515818834,1804.6172590063625,1804.6172590063625,15,82.03320718201576,81,2
data/AreaCoverage-dataset/AC300/AC15_0013/holes,3243.06365437213,2304.635397581041,1749.128628951965,874.6443163769878,23,2046.7354115350172,148,2
data/AreaCoverage-dataset/AC300/AC9_0001/holes,4046.357113709885,3102.4118748054725,1836.0777796964717,1836.0777796964717,37,657.1633079549938,92,2
data/AreaCoverage-dataset/AC300/AC5_0004/holes,4421.266070628801,3394.374281269038,1819.1969199369714,1004.078462122126,33,185.48675951801124,62,2
data/AreaCoverage-dataset/AC300/AC4_0006/holes,4127.708527524129,3345.182188591347,1724.1098723564428,904.0396192606687,30,90.58447210499435,60,2
data/AreaCoverage-dataset/AC300/AC13_0017/holes,3628.217393382536,2634.593526276491,1751.2197953503676,1751.2197953503676,28,1034.2663688719913,121,2
data/AreaCoverage-dataset/AC300/AC14_0009/holes,3064.857960929618,2092.6824160087162,1662.931915560604,849.4842192159226,37,3102.0285372160142,146,2
