dataset_name,totalRouteLength,sumOfTaskLengths,totalRouteCosts,iterations,computeTime,num_tasks,number_of_agents
data/AreaCoverage-dataset/VM25/13/mem_r1/mem_r1_route_data0,1433.7596865325245,1134.0,754.0225031508544,101,510.9367583340063,57,4
data/AreaCoverage-dataset/VM25/13/mem_r1/mem_r1_route_data0,1312.3908999929063,1134.0,705.725247355881,45,223.44378594700538,57,4
data/AreaCoverage-dataset/VM25/13/mem_r1/mem_r1_route_data0,1427.5571464998536,1134.0,741.7099160517856,81,333.2384076390008,57,4
data/AreaCoverage-dataset/VM25/13/mem_r1/mem_r1_route_data0,1456.9066938670417,1134.0,763.6704892283933,91,521.0437637110008,57,4
data/AreaCoverage-dataset/VM25/13/mem_r1/mem_r1_route_data0,1347.1519759698542,1134.0,717.5267838267653,58,319.4900267089979,57,4
data/AreaCoverage-dataset/VM25/13/mem_r1/mem_r1_route_data0,1490.6034426876781,1134.0,775.9537309718096,61,323.6603028009995,57,4
data/AreaCoverage-dataset/VM25/13/mem_r1/mem_r1_route_data0,1471.0260826860106,1134.0,764.5808562714187,200,465.0487312299956,57,4
data/AreaCoverage-dataset/VM25/13/mem_r1/mem_r1_route_data0,1349.5026779607729,1134.0,726.1430694936116,77,452.8055462390039,57,4
data/AreaCoverage-dataset/VM25/13/mem_r1/mem_r1_route_data0,1418.3237368297057,1134.0,743.0260242597104,59,237.10197841199988,57,4
